propiedad,rmsle
Casa en condominio,0.356978809801371
Casa,0.511567117621426
Apartamento,0.450054636901963
