propiedad,rmsle
Casa en condominio,0.3613362434028195
Casa,0.5092577668000889
Apartamento,0.44861591869222556
