propiedad,rmsle
Casa en condominio,0.30377966138711643
Casa,0.38805441086712134
Apartamento,0.454726547170008
