propiedad,rmsle
Casa en condominio,0.2991253080485466
Casa,0.4204234846806681
Apartamento,0.4555198049062746
